[
  {
    "title": "IoT Network Intrusion Detection",
    "description": "Used UNSW_NB15 dataset with Random Forest, KNN, and a Voting Classifier to detect cyber threats with 95.7% accuracy.",
    "link": "https://github.com/yourname/iot-intrusion-detection"
  },
  {
    "title": "Crop Price Prediction",
    "description": "Predicted market prices using Decision Tree Regression and KNN, helping farmers optimize profits.",
    "link": "https://github.com/ts-73/EmptyRepository/tree/main/CropPrice"
  }
]
